0.000000000,0,0,0,0,0,0,0,2.90222e-07,0.000283532,2.9912e-08,0.000346537,-7.22066e-07,0.00103899,6.86834e-07,0,0,0,0,0,0,0,1.85919,1.37599,-1.17532,0.18522,3.56372,2.63614,-2.62344,
0.002000000,5.81191e-06,4.27215e-06,-3.94084e-06,4.51938e-07,1.11455e-05,8.61628e-06,-8.58903e-06,2.90222e-07,0.000283532,2.9912e-08,0.000346537,-7.22066e-07,0.00103899,6.86834e-07,0.00371346,0.002747,-0.00234821,0.000370327,0.00711633,0.00526221,-0.00523751,1.85593,1.37299,-1.17375,0.184987,3.55667,2.63002,-2.61768,
0.011999999,0.000133667,9.91501e-05,-8.48219e-05,1.32902e-05,0.000256257,0.000189022,-0.000188674,7.66848e-07,0.000284786,-5.20095e-06,0.000343873,8.46427e-06,0.00104072,-3.79662e-06,0.0221926,0.0164038,-0.0140471,0.00221384,0.0425103,0.031413,-0.0312732,1.83963,1.35798,-1.16587,0.183817,3.52144,2.5994,-2.58884,
0.021999999,0.000447478,0.000330206,-0.000282926,4.4851e-05,0.000855934,0.000632537,-0.000629626,7.66848e-07,0.000284786,-5.20095e-06,0.000343873,8.46427e-06,0.00104072,-3.79662e-06,0.0405076,0.029909,-0.0256666,0.00404655,0.0775494,0.0572539,-0.0570178,1.82334,1.34298,-1.15798,0.182649,3.4862,2.56878,-2.56,
0.032000000,0.000942725,0.000695928,-0.000597102,9.44482e-05,0.00180582,0.00133275,-0.00132768,4.73597e-05,0.000376616,-0.000163134,0.000185181,0.000376718,0.00114644,-0.000269055,0.0586592,0.0432633,-0.037207,0.00586718,0.112235,0.0827887,-0.0824738,1.80704,1.32798,-1.1501,0.181481,3.45097,2.53817,-2.53117,
0.042000000,0.00161987,0.00119504,-0.00102699,0.000162048,0.00309949,0.00228726,-0.00227815,4.73597e-05,0.000376616,-0.000163134,0.000185181,0.000376718,0.00114644,-0.000269055,0.0766486,0.0564678,-0.0486683,0.00767614,0.146569,0.108017,-0.107641,1.79074,1.31297,-1.14222,0.180313,3.41573,2.50755,-2.50233,
0.051999999,0.00247543,0.00182561,-0.00157089,0.000247648,0.00473513,0.00349182,-0.00347926,0.000374873,0.000834297,-0.000886919,-0.000202946,0.00237923,0.00173999,-0.00177593,0.0944741,0.0695229,-0.0600513,0.00947324,0.18055,0.13294,-0.132521,1.77444,1.29797,-1.13434,0.179145,3.3805,2.47693,-2.4735,
0.061999999,0.0035087,0.00258516,-0.00222764,0.000351246,0.00670959,0.00494528,-0.00492738,0.000374873,0.000834297,-0.000886919,-0.000202946,0.00237923,0.00173999,-0.00177593,0.112137,0.082428,-0.0713553,0.011259,0.214178,0.157556,-0.157111,1.75814,1.28296,-1.12646,0.177976,3.34526,2.44632,-2.44466,
0.072000000,0.00471761,0.00347275,-0.00299691,0.000472823,0.00901814,0.00664285,-0.00662101,0.0009188,0.00150731,-0.00122099,7.37491e-05,0.00405362,0.00378319,-0.0031196,0.129637,0.0951818,-0.0825808,0.013033,0.247455,0.181867,-0.181413,1.74185,1.26796,-1.11858,0.176808,3.31003,2.4157,-2.41582,
0.082000000,0.00610085,0.00448812,-0.00387912,0.000612039,0.0116572,0.00858126,-0.00855496,0.0009188,0.00150731,-0.00122099,7.37491e-05,0.00405362,0.00378319,-0.0031196,0.146975,0.107787,-0.0937267,0.0147956,0.280379,0.20587,-0.205428,1.72555,1.25296,-1.1107,0.17564,3.27479,2.38508,-2.38699,
0.091999999,0.00765688,0.00562827,-0.00487152,0.000768646,0.0146246,0.0107585,-0.0107283,0.00181211,0.00297771,-0.00320715,0.000186884,0.00935216,0.00748207,-0.00676479,0.164148,0.120241,-0.104794,0.0165462,0.312951,0.229568,-0.229153,1.70925,1.23795,-1.10282,0.174472,3.23956,2.35447,-2.35815,
0.101999999,0.00938278,0.0068927,-0.00597447,0.000942872,0.0179149,0.0131714,-0.0131373,0.00181211,0.00297771,-0.00320715,0.000186884,0.00935216,0.00748207,-0.00676479,0.181159,0.132546,-0.115784,0.0182848,0.34517,0.25296,-0.252591,1.69295,1.22295,-1.09494,0.173304,3.20432,2.32385,-2.32931,
0.112000000,0.0112796,0.0082787,-0.00718718,0.00113459,0.0215267,0.0158165,-0.0157792,0.00288164,0.00505645,-0.0045087,0.000823623,0.0136088,0.0117706,-0.0101477,0.198008,0.1447,-0.126694,0.0200118,0.377037,0.276045,-0.27574,1.67665,1.20794,-1.08706,0.172135,3.16909,2.29323,-2.30048,
0.122999999,0.0135582,0.00994296,-0.00864638,0.00136497,0.0258653,0.0189912,-0.0189506,0.00424377,0.00774476,-0.00740669,0.00123542,0.0218648,0.0173234,-0.0159198,0.216352,0.157897,-0.138603,0.0218984,0.411684,0.301085,-0.30087,1.65873,1.19144,-1.07839,0.170851,3.13033,2.25956,-2.26876,
0.131999999,0.0155725,0.0114126,-0.00993731,0.00156864,0.0296964,0.0217921,-0.0217501,0.00424377,0.00774476,-0.00740669,0.00123542,0.0218648,0.0173234,-0.0159198,0.231214,0.168559,-0.148277,0.0234308,0.439714,0.321297,-0.321172,1.64406,1.17794,-1.07129,0.169799,3.09862,2.232,-2.24281,
0.141999999,0.0179669,0.0131565,-0.0114736,0.00181191,0.0342477,0.0251167,-0.0250735,0.00424377,0.00774476,-0.00740669,0.00123542,0.0218648,0.0173234,-0.0159198,0.247574,0.180263,-0.15895,0.0251236,0.470524,0.343464,-0.343456,1.62776,1.16293,-1.06341,0.168631,3.06338,2.20139,-2.21397,
0.152000000,0.0205233,0.0150174,-0.0131158,0.00207105,0.0391058,0.0286601,-0.0286182,0.00587004,0.0109006,-0.0102216,0.00166358,0.0304569,0.0237056,-0.0224306,0.26377,0.191818,-0.169545,0.0268042,0.500982,0.365325,-0.365452,1.61146,1.14793,-1.05553,0.167463,3.02815,2.17077,-2.18513,
0.181999999,0.0291548,0.0212817,-0.0186737,0.00295003,0.0554819,0.0405839,-0.0405523,0.0100851,0.0184725,-0.0168337,0.00279596,0.0494661,0.039083,-0.0360802,0.31138,0.22558,-0.200857,0.0317753,0.590241,0.42907,-0.429708,1.56257,1.10292,-1.03189,0.163958,2.92244,2.07892,-2.09863,
0.221999999,0.0428423,0.0311709,-0.027525,0.00435144,0.0813919,0.0593768,-0.0593889,0.0158416,0.0275379,-0.0246476,0.00425899,0.0723866,0.0571903,-0.0528811,0.372579,0.268497,-0.241501,0.0382397,0.704319,0.509778,-0.511346,1.49738,1.0429,-1.00037,0.159285,2.7815,1.95645,-1.98328,
0.261999999,0.0589256,0.0427293,-0.0379768,0.00600672,0.111752,0.0813003,-0.0813981,0.0194364,0.0328023,-0.0300713,0.00500747,0.0880128,0.0674282,-0.0641197,0.43117,0.309012,-0.280886,0.0445182,0.81276,0.585587,-0.588371,1.43218,0.982883,-0.968842,0.154612,2.64056,1.83399,-1.86794,
0.301999999,0.0773008,0.0558605,-0.049979,0.00791008,0.146338,0.106159,-0.106397,0.0280422,0.0444713,-0.040137,0.0065423,0.117738,0.0905931,-0.0860149,0.487153,0.347127,-0.319009,0.0506088,0.915564,0.656497,-0.660782,1.36699,0.922867,-0.937319,0.14994,2.49962,1.71152,-1.75259,
0.341999999,0.0978635,0.0704671,-0.0634811,0.0100527,0.184923,0.133755,-0.134199,0.0388515,0.0580468,-0.0524538,0.00909217,0.152779,0.116711,-0.111582,0.540529,0.382842,-0.355871,0.056513,1.01273,0.722508,-0.728578,1.3018,0.862851,-0.905795,0.145267,2.35868,1.58906,-1.63725,
0.381999999,0.120509,0.0864554,-0.078432,0.0124283,0.227281,0.163893,-0.164622,0.0519183,0.0730693,-0.0676905,0.0111139,0.195939,0.145546,-0.142067,0.591298,0.416155,-0.391472,0.0622306,1.10426,0.783621,-0.791762,1.23661,0.802835,-0.874271,0.140594,2.21774,1.46659,-1.5219,
0.412000000,0.138797,0.0992948,-0.090566,0.0143584,0.261391,0.188049,-0.189046,0.0671326,0.0889338,-0.0816321,0.0135859,0.236494,0.176251,-0.171971,0.627663,0.439565,-0.417346,0.0663953,1.16921,0.826242,-0.836121,1.18771,0.757823,-0.850628,0.137089,2.11203,1.37474,-1.4354,
0.421999999,0.145133,0.103727,-0.0947819,0.0150292,0.273188,0.196379,-0.197479,0.0671326,0.0889338,-0.0816321,0.0135859,0.236494,0.176251,-0.171971,0.639458,0.447068,-0.425813,0.0677611,1.19015,0.839835,-0.850331,1.17142,0.742819,-0.842747,0.135921,2.0768,1.34412,-1.40656,
0.452000000,0.164836,0.117467,-0.107932,0.0171227,0.309811,0.222165,-0.223609,0.084661,0.10651,-0.0986344,0.0160051,0.284521,0.209959,-0.206447,0.673867,0.468678,-0.450741,0.0717862,1.25087,0.878782,-0.89123,1.12252,0.697808,-0.819104,0.132417,1.97109,1.25227,-1.32005,
0.461999999,0.171631,0.122189,-0.11248,0.0178469,0.322418,0.231015,-0.232586,0.094268,0.115739,-0.107526,0.0174868,0.309302,0.22753,-0.224229,0.685011,0.475581,-0.458892,0.0731037,1.2704,0.891151,-0.904286,1.10622,0.682804,-0.811223,0.131248,1.93585,1.22166,-1.29122,
0.471999999,0.178536,0.126979,-0.117109,0.0185844,0.335218,0.239987,-0.241693,0.094268,0.115739,-0.107526,0.0174868,0.309302,0.22753,-0.224229,0.695992,0.482334,-0.466965,0.0744107,1.28958,0.903214,-0.917054,1.08993,0.6678,-0.803342,0.13008,1.90062,1.19104,-1.26238,
0.502000000,0.199899,0.141742,-0.131477,0.0208751,0.374745,0.267606,-0.26976,0.104558,0.12527,-0.118932,0.0190743,0.339825,0.244971,-0.245235,0.727956,0.501693,-0.490711,0.0782604,1.34502,0.937568,-0.953628,1.04103,0.622788,-0.7797,0.126576,1.79491,1.09919,-1.17587,
0.542000000,0.229833,0.162293,-0.15172,0.0241054,0.429944,0.305955,-0.308815,0.126373,0.144741,-0.137144,0.0222632,0.390595,0.281948,-0.281697,0.768294,0.525403,-0.521268,0.0832299,1.41399,0.979087,-0.998356,0.97584,0.562772,-0.748176,0.121903,1.65397,0.976725,-1.06053,
0.582000000,0.261327,0.183743,-0.173161,0.0275305,0.48779,0.345868,-0.349567,0.150494,0.165269,-0.159419,0.0262772,0.448979,0.319893,-0.32262,0.806024,0.546715,-0.550565,0.0880128,1.47733,1.01571,-1.03847,0.910648,0.502756,-0.716652,0.11723,1.51303,0.854259,-0.945183,
0.622999999,0.295121,0.206563,-0.196328,0.0312365,0.549591,0.388194,-0.392906,0.176237,0.186912,-0.179669,0.0293517,0.506587,0.361164,-0.363129,0.84199,0.566067,-0.579285,0.0927212,1.53641,1.04816,-1.0748,0.843827,0.44124,-0.68434,0.112441,1.36857,0.728731,-0.826955,
0.641999999,0.311269,0.217397,-0.207457,0.0330182,0.579026,0.408238,-0.413472,0.189929,0.198328,-0.191401,0.0306663,0.536533,0.383154,-0.385174,0.857729,0.574179,-0.592145,0.0948368,1.56177,1.06145,-1.08999,0.81286,0.412732,-0.669366,0.110221,1.30162,0.67056,-0.772167,
0.662000000,0.328584,0.228961,-0.219433,0.034937,0.610517,0.429596,-0.435423,0.204145,0.209938,-0.202962,0.0330495,0.567758,0.404557,-0.406545,0.87366,0.582133,-0.605375,0.097018,1.5871,1.07425,-1.10486,0.780264,0.382724,-0.653604,0.107885,1.23115,0.609327,-0.714494,
0.702000000,0.364137,0.252536,-0.244161,0.0389031,0.674949,0.473021,-0.480158,0.23393,0.232894,-0.227977,0.0374355,0.632507,0.445417,-0.451076,0.903566,0.596243,-0.630889,0.10124,1.63353,1.09617,-1.13113,0.715072,0.322708,-0.622081,0.103212,1.09021,0.486861,-0.59915,
0.731999999,0.391559,0.270562,-0.263365,0.0419862,0.724429,0.506112,-0.514349,0.265385,0.254982,-0.254166,0.0418788,0.697984,0.486115,-0.495155,0.924286,0.605248,-0.649196,0.104284,1.66465,1.1094,-1.14781,0.666179,0.277696,-0.598438,0.0997074,0.984504,0.395011,-0.512642,
0.742000000,0.400834,0.276628,-0.269887,0.0430335,0.741125,0.517225,-0.525852,0.265385,0.254982,-0.254166,0.0418788,0.697984,0.486115,-0.495155,0.930866,0.60795,-0.655142,0.105275,1.67432,1.1132,-1.15279,0.649881,0.262692,-0.590557,0.0985394,0.949269,0.364395,-0.483806,
0.761999999,0.41958,0.288837,-0.283107,0.0451591,0.774796,0.539558,-0.549001,0.281125,0.267488,-0.265458,0.0415615,0.730467,0.512,-0.520729,0.943537,0.612904,-0.666795,0.107222,1.6926,1.11987,-1.16189,0.617285,0.232684,-0.574795,0.096203,0.878798,0.303162,-0.426134,
0.782000000,0.438572,0.30114,-0.296556,0.0473221,0.808819,0.562012,-0.57232,0.297951,0.279822,-0.280383,0.0455331,0.767595,0.533157,-0.543062,0.955557,0.617257,-0.678134,0.109123,1.70947,1.12533,-1.16983,0.584689,0.202676,-0.559033,0.0938664,0.808328,0.241929,-0.368461,
0.801999999,0.457798,0.313524,-0.31023,0.0495238,0.843165,0.584563,-0.595787,0.314448,0.292704,-0.288911,0.0470743,0.793133,0.557659,-0.565092,0.966925,0.621011,-0.689156,0.110977,1.72493,1.12955,-1.17663,0.552093,0.172668,-0.543271,0.0915304,0.737857,0.180696,-0.310789,
0.811999999,0.467495,0.319742,-0.317148,0.0506377,0.860451,0.595867,-0.607568,0.332013,0.305703,-0.306696,0.0495845,0.834934,0.580289,-0.591268,0.972364,0.622663,-0.694549,0.111886,1.73214,1.13121,-1.17959,0.535795,0.157664,-0.53539,0.090362,0.702622,0.150079,-0.281953,
0.823000000,0.478222,0.326601,-0.324821,0.0518742,0.879546,0.608318,-0.620559,0.332013,0.305703,-0.306696,0.0495845,0.834934,0.580289,-0.591268,0.978159,0.624306,-0.700391,0.112873,1.73965,1.13267,-1.18252,0.517868,0.14116,-0.526721,0.0890766,0.663863,0.116401,-0.250233,
0.832000000,0.487046,0.332225,-0.331145,0.0528932,0.89523,0.618517,-0.631212,0.349663,0.317715,-0.318923,0.0526517,0.865594,0.601426,-0.61174,0.982754,0.625516,-0.7051,0.11367,1.74548,1.13359,-1.18465,0.503199,0.127656,-0.519628,0.0880254,0.632152,0.0888457,-0.224281,
0.863000000,0.517746,0.35167,-0.353249,0.056459,0.949626,0.653685,-0.66803,0.367017,0.330283,-0.330306,0.0529963,0.897209,0.625913,-0.636441,0.99757,0.628753,-0.720829,0.116342,1.76339,1.13488,-1.19022,0.452676,0.0811438,-0.495197,0.084404,0.522923,-0.0060647,-0.134889,
0.903000000,0.557993,0.376869,-0.38247,0.0611786,1.02054,0.699043,-0.715716,0.403878,0.354568,-0.360815,0.0576917,0.970007,0.669371,-0.682692,1.01437,0.630798,-0.740007,0.119626,1.78149,1.13219,-1.19331,0.387484,0.0211288,-0.463673,0.0797316,0.381982,-0.128531,-0.0195442,
0.942000000,0.597833,0.401471,-0.411675,0.065904,1.09028,0.74307,-0.762241,0.441533,0.380272,-0.389972,0.0629088,1.04087,0.716268,-0.732036,1.02825,0.630481,-0.757491,0.122646,1.7937,1.12484,-1.19188,0.323921,-0.0373868,-0.432938,0.0751754,0.244565,-0.247936,0.0929162,
0.981999999,0.639204,0.426644,-0.442312,0.070868,1.16218,0.787833,-0.809811,0.480522,0.406001,-0.422274,0.0682824,1.11546,0.759927,-0.779807,1.0399,0.627785,-0.774178,0.12556,1.80067,1.11248,-1.18585,0.258729,-0.0974028,-0.401414,0.0705024,0.103624,-0.370402,0.20826,
1.023000000,0.682038,0.452284,-0.474382,0.0760744,1.23606,0.833099,-0.858223,0.519498,0.430366,-0.450268,0.0725439,1.18556,0.804885,-0.827289,1.04914,0.62253,-0.789974,0.128352,1.80195,1.09472,-1.17489,0.191908,-0.158919,-0.369102,0.0657126,-0.0408409,-0.495929,0.326489,
1.061999999,0.723084,0.476428,-0.505465,0.0811288,1.30627,0.875385,-0.903767,0.560028,0.455229,-0.485233,0.0778639,1.26071,0.848547,-0.874875,1.05538,0.615191,-0.803769,0.130826,1.79768,1.07305,-1.15997,0.128345,-0.217435,-0.338366,0.061157,-0.178258,-0.615334,0.438949,
1.082000000,0.744216,0.488686,-0.521606,0.0837578,1.34218,0.896719,-0.926875,0.580112,0.467826,-0.499586,0.0807215,1.2954,0.87013,-0.898523,1.05762,0.610543,-0.810379,0.132026,1.79341,1.06013,-1.15061,0.0957494,-0.247443,-0.322604,0.0588204,-0.248728,-0.676567,0.496621,
1.092999999,0.755855,0.495387,-0.53054,0.0852137,1.36189,0.908339,-0.939501,0.600513,0.48049,-0.515433,0.0834788,1.33107,0.892563,-0.9209,1.05858,0.60773,-0.81388,0.132666,1.79046,1.0525,-1.14497,0.0778216,-0.263947,-0.313935,0.0575356,-0.287487,-0.710245,0.528341,
1.104000000,0.767504,0.502055,-0.539512,0.0866756,1.38157,0.919872,-0.952063,0.621273,0.492918,-0.532932,0.0864574,1.36822,0.913659,-0.944641,1.05933,0.604736,-0.817285,0.133292,1.78709,1.0445,-1.13899,0.0598938,-0.280452,-0.305266,0.0562508,-0.326246,-0.743923,0.56006,
1.112000000,0.775981,0.506884,-0.54606,0.0877445,1.39585,0.928204,-0.961157,0.621273,0.492918,-0.532932,0.0864574,1.36822,0.913659,-0.944641,1.05976,0.602444,-0.819703,0.133738,1.78436,1.03845,-1.13441,0.0468554,-0.292455,-0.298962,0.0553165,-0.354434,-0.768416,0.583129,
1.141999999,0.807787,0.524819,-0.570781,0.0917806,1.44921,0.958999,-0.994914,0.641387,0.504637,-0.5436,0.0884006,1.39646,0.933466,-0.968792,1.06043,0.592995,-0.828316,0.135345,1.77214,1.01402,-1.11562,-0.00203749,-0.337467,-0.275319,0.0518114,-0.46014,-0.860266,0.669638,
1.171999999,0.839591,0.54245,-0.595751,0.0958639,1.50215,0.989018,-1.02807,0.683479,0.528525,-0.584632,0.0932837,1.47967,0.974238,-1.01477,1.05964,0.582196,-0.836221,0.136847,1.75676,0.986839,-1.09424,-0.0509316,-0.382479,-0.251676,0.0483063,-0.565845,-0.952115,0.756146,
1.181999999,0.850185,0.548253,-0.604126,0.0972346,1.51969,0.998839,-1.03897,0.683479,0.528525,-0.584632,0.0932837,1.47967,0.974238,-1.01477,1.05905,0.578296,-0.838699,0.137324,1.75092,0.977165,-1.08653,-0.0672296,-0.397483,-0.243795,0.0471384,-0.60108,-0.982732,0.784982,
1.202000000,0.871351,0.559737,-0.620948,0.0999902,1.55458,1.01818,-1.06054,0.704396,0.539757,-0.598648,0.0968719,1.51056,0.995384,-1.03264,1.05738,0.570047,-0.843417,0.138243,1.73819,0.956897,-1.07025,-0.0998256,-0.427491,-0.228033,0.0448024,-0.671551,-1.04397,0.842654,
1.222999999,0.893532,0.571612,-0.638708,0.102904,1.59093,1.03804,-1.08283,0.725585,0.552049,-0.616655,0.0994911,1.54542,1.01345,-1.0555,1.05492,0.560738,-0.848032,0.139159,1.72331,0.934299,-1.05192,-0.134051,-0.458999,-0.211483,0.0423485,-0.745545,-1.10826,0.90321,
1.242000000,0.913548,0.582181,-0.654858,0.105555,1.62354,1.05559,-1.10265,0.74628,0.563495,-0.630532,0.102327,1.57602,1.03292,-1.07612,1.05208,0.551747,-0.851908,0.139942,1.70851,0.912689,-1.03424,-0.165018,-0.487507,-0.196509,0.0401294,-0.812492,-1.16643,0.957998,
1.261999999,0.934555,0.593116,-0.671935,0.108362,1.65754,1.07361,-1.12314,0.767139,0.574899,-0.647512,0.105136,1.61115,1.05105,-1.09784,1.04846,0.541696,-0.85568,0.140721,1.69156,0.888749,-1.0145,-0.197614,-0.517515,-0.180747,0.0377935,-0.882962,-1.22766,1.01567,
1.282000000,0.955483,0.603845,-0.689084,0.111183,1.69119,1.09113,-1.14322,0.788547,0.586073,-0.668532,0.10819,1.65097,1.07044,-1.11887,1.04418,0.531046,-0.859138,0.141453,1.6732,0.863582,-0.993614,-0.23021,-0.547523,-0.164985,0.0354564,-0.953432,-1.2889,1.07334,
1.292000000,0.965912,0.609128,-0.697683,0.112599,1.70787,1.0997,-1.1531,0.8096,0.596728,-0.685162,0.110496,1.68345,1.08758,-1.13799,1.04179,0.525496,-0.860748,0.141802,1.66348,0.850541,-0.982736,-0.246508,-0.562527,-0.157104,0.0342884,-0.988668,-1.31951,1.10218,
1.301999999,0.976318,0.614355,-0.706298,0.114019,1.72446,1.10814,-1.16287,0.8096,0.596728,-0.685162,0.110496,1.68345,1.08758,-1.13799,1.03925,0.519796,-0.86228,0.142139,1.65342,0.837193,-0.97157,-0.262806,-0.577531,-0.149224,0.0331204,-1.0239,-1.35013,1.13102,
1.311999999,0.986697,0.619523,-0.714928,0.115442,1.74094,1.11644,-1.17253,0.83048,0.607207,-0.700987,0.113113,1.71521,1.10351,-1.15844,1.03654,0.513945,-0.863732,0.142464,1.64301,0.823538,-0.960116,-0.279104,-0.592535,-0.141343,0.0319525,-1.05914,-1.38075,1.15985,
1.332999999,1.0084,0.630183,-0.733097,0.118441,1.7752,1.13343,-1.19243,0.851433,0.617405,-0.717399,0.116245,1.74663,1.12025,-1.17601,1.03032,0.501171,-0.866527,0.14311,1.61999,0.793867,-0.935124,-0.313329,-0.624043,-0.124792,0.0294986,-1.13313,-1.44504,1.22041,
1.342999999,1.01869,0.635164,-0.741768,0.119873,1.79135,1.1413,-1.20172,0.851433,0.617405,-0.717399,0.116245,1.74663,1.12025,-1.17601,1.0271,0.494856,-0.867736,0.143399,1.60848,0.779264,-0.922775,-0.329627,-0.639046,-0.116911,0.0283306,-1.16837,-1.47566,1.24924,
1.381999999,1.05848,0.653962,-0.775691,0.125487,1.85315,1.17053,-1.23673,0.892874,0.637539,-0.74944,0.122163,1.80875,1.15314,-1.21405,1.01301,0.468792,-0.871696,0.144415,1.56023,0.719385,-0.871862,-0.39319,-0.697562,-0.0861757,0.0237744,-1.30578,-1.59506,1.3617,
1.421999999,1.09867,0.67214,-0.810619,0.131281,1.91448,1.198,-1.27049,0.934661,0.656819,-0.785637,0.12792,1.87216,1.18133,-1.24978,0.995976,0.439689,-0.874512,0.145272,1.50518,0.653133,-0.815087,-0.458382,-0.757578,-0.054652,0.0191013,-1.44673,-1.71753,1.47705,
1.462999999,1.1391,0.689513,-0.846511,0.137252,1.97494,1.2233,-1.30263,0.99643,0.683122,-0.838616,0.136639,1.96312,1.21988,-1.29791,0.975812,0.407367,-0.876091,0.145958,1.44291,0.580141,-0.752104,-0.525203,-0.819094,-0.02234,0.0143127,-1.59119,-1.84306,1.59528,
1.481999999,1.15754,0.697104,-0.86316,0.140027,2.00206,1.23399,-1.31663,0.99643,0.683122,-0.838616,0.136639,1.96312,1.21988,-1.29791,0.965539,0.391534,-0.876373,0.146208,1.41204,0.544571,-0.721273,-0.55617,-0.847602,-0.00736597,0.0120924,-1.65814,-1.90123,1.65006,
1.493000000,1.16813,0.701358,-0.8728,0.141636,2.01749,1.23986,-1.32446,1.01675,0.691173,-0.855528,0.139966,1.9915,1.23135,-1.31476,0.959322,0.382119,-0.876406,0.146334,1.39358,0.523472,-0.702949,-0.574097,-0.864106,0.00130312,0.0108076,-1.6969,-1.93491,1.68178,
1.502000000,1.17674,0.704762,-0.880688,0.142954,2.02997,1.24449,-1.33072,1.01675,0.691173,-0.855528,0.139966,1.9915,1.23135,-1.31476,0.95409,0.374282,-0.876363,0.146427,1.37817,0.505933,-0.687695,-0.588766,-0.87761,0.00839542,0.00975641,-1.72861,-1.96246,1.70774,
1.512999999,1.1872,0.708826,-0.890327,0.144565,2.04502,1.24994,-1.33818,1.03712,0.699597,-0.875267,0.142726,2.02258,1.24211,-1.32709,0.947514,0.364537,-0.876223,0.146527,1.35894,0.484161,-0.668736,-0.606693,-0.894114,0.0170646,0.00847171,-1.76737,-1.99614,1.73946,
1.551999999,1.22367,0.722348,-0.924479,0.150284,2.09664,1.26727,-1.36291,1.0768,0.714339,-0.91101,0.147886,2.07547,1.26152,-1.35399,0.922614,0.328526,-0.874958,0.146769,1.28734,0.403983,-0.598704,-0.670255,-0.95263,0.0478004,0.00391541,-1.90478,-2.11554,1.85192,
1.591999999,1.26002,0.734711,-0.959431,0.156158,2.14657,1.28171,-1.38535,1.11595,0.727747,-0.94457,0.153651,2.12629,1.27629,-1.37664,0.8945,0.28922,-0.872415,0.146832,1.20833,0.316912,-0.52232,-0.735447,-1.01265,0.0793243,-0.0007576,-2.04572,-2.23801,1.96726,
1.612000000,1.27776,0.740291,-0.976863,0.159094,2.17032,1.28759,-1.3954,1.13526,0.733354,-0.960327,0.157227,2.14787,1.28402,-1.38853,0.879465,0.268667,-0.870671,0.146793,1.16671,0.27154,-0.482399,-0.768043,-1.04265,0.095086,-0.00309351,-2.11619,-2.29924,2.02493,
1.622999999,1.28739,0.743183,-0.986433,0.160709,2.18303,1.29044,-1.40058,1.13526,0.733354,-0.960327,0.157227,2.14787,1.28402,-1.38853,0.870918,0.257107,-0.869577,0.146752,1.14321,0.246063,-0.45995,-0.78597,-1.05916,0.103755,-0.00437949,-2.15495,-2.33292,2.05665,
1.631999999,1.2952,0.745454,-0.994256,0.162029,2.19323,1.29256,-1.40464,1.15471,0.739045,-0.977923,0.160749,2.17223,1.28929,-1.39858,0.863778,0.247514,-0.868612,0.146708,1.12368,0.224942,-0.441323,-0.800639,-1.07266,0.110848,-0.00543061,-2.18666,-2.36048,2.08261,
1.643000000,1.30465,0.748111,-1.0038,0.163642,2.20546,1.29489,-1.40936,1.15471,0.739045,-0.977923,0.160749,2.17223,1.28929,-1.39858,0.854872,0.235624,-0.867345,0.146642,1.09941,0.198792,-0.41824,-0.818566,-1.08917,0.119517,-0.0067154,-2.22542,-2.39415,2.11433,
1.662000000,1.32074,0.75239,-1.02026,0.166427,2.22594,1.29823,-1.41693,1.17343,0.744317,-0.99448,0.163207,2.19442,1.29369,-1.40712,0.839026,0.214659,-0.864932,0.146492,1.05649,0.152751,-0.377548,-0.849533,-1.11767,0.134491,-0.00893451,-2.29237,-2.45232,2.16911,
1.672999999,1.32992,0.754683,-1.02977,0.168038,2.23742,1.29977,-1.42095,1.1924,0.74944,-1.01445,0.166253,2.21895,1.29756,-1.41561,0.829582,0.202273,-0.863405,0.146387,1.03106,0.12559,-0.353512,-0.86746,-1.13418,0.14316,-0.0102205,-2.33113,-2.486,2.20083,
1.711999999,1.3616,0.761694,-1.06332,0.173738,2.27583,1.30274,-1.43303,1.22891,0.757642,-1.0475,0.171784,2.25818,1.30231,-1.4288,0.794512,0.1569,-0.857222,0.1459,0.937469,0.0263072,-0.265487,-0.931023,-1.19269,0.173895,-0.0147756,-2.46855,-2.60541,2.31329,
1.731999999,1.3773,0.764592,-1.08043,0.176653,2.29408,1.30274,-1.43787,1.24707,0.76112,-1.06451,0.175239,2.27803,1.30291,-1.43525,0.775565,0.132746,-0.853586,0.145581,0.887394,-0.0264132,-0.218645,-0.963619,-1.2227,0.189657,-0.0171126,-2.53902,-2.66664,2.37097,
1.752000000,1.39262,0.767001,-1.09746,0.179562,2.31131,1.30168,-1.44177,1.2647,0.764094,-1.08189,0.177823,2.29455,1.30276,-1.43914,0.755967,0.107992,-0.849636,0.145215,0.835909,-0.0803587,-0.170648,-0.996215,-1.25271,0.205419,-0.0194486,-2.60949,-2.72787,2.42864,
1.773000000,1.40827,0.76899,-1.11526,0.182607,2.32829,1.29938,-1.44481,1.28208,0.766582,-1.09852,0.180813,2.31098,1.30164,-1.44305,0.734687,0.0813536,-0.845148,0.144781,0.780333,-0.138319,-0.119011,-1.03044,-1.28422,0.22197,-0.021902,-2.68348,-2.79217,2.48919,
1.792000000,1.42204,0.770302,-1.13128,0.185353,2.34262,1.29625,-1.44662,1.29917,0.769251,-1.11801,0.18316,2.33104,1.29915,-1.44525,0.714814,0.0566827,-0.840789,0.144344,0.72871,-0.191922,-0.0711958,-1.06141,-1.31272,0.236943,-0.0241216,-2.75043,-2.85034,2.54398,
1.832000000,1.44977,0.771503,-1.16471,0.191107,2.36953,1.28626,-1.4474,1.3321,0.771583,-1.15122,0.18852,2.35768,1.29084,-1.44784,0.671055,0.00297367,-0.83068,0.143286,0.615875,-0.308386,0.0328699,-1.1266,-1.37274,0.268467,-0.0287946,-2.89137,-2.97281,2.65933,
1.851999999,1.46296,0.771286,-1.18127,0.193966,2.38127,1.27949,-1.44621,1.34824,0.771839,-1.16732,0.191894,2.37049,1.2848,-1.44658,0.648197,-0.0247813,-0.825153,0.142686,0.557342,-0.368454,0.0866335,-1.15919,-1.40275,0.284229,-0.0311306,-2.96184,-3.03404,2.717,
1.863000000,1.47002,0.770929,-1.19033,0.195533,2.38722,1.27525,-1.44509,1.36389,0.771746,-1.18488,0.194502,2.38272,1.27815,-1.44657,0.635347,-0.0403023,-0.821979,0.142337,0.524549,-0.402013,0.116695,-1.17712,-1.41925,0.292898,-0.0324154,-3.0006,-3.06772,2.74872,
1.876000000,1.47818,0.770284,-1.20099,0.197381,2.39378,1.26977,-1.44334,1.36389,0.771746,-1.18488,0.194502,2.38272,1.27815,-1.44657,0.619906,-0.0588789,-0.818105,0.141905,0.485243,-0.442153,0.152672,-1.19831,-1.43876,0.303143,-0.0339349,-3.0464,-3.10752,2.78621,
1.881999999,1.48188,0.769905,-1.20589,0.198232,2.39664,1.26706,-1.44238,1.36389,0.771746,-1.18488,0.194502,2.38272,1.27815,-1.44657,0.612687,-0.0675387,-0.816272,0.1417,0.466902,-0.460853,0.169441,-1.20809,-1.44776,0.307872,-0.0346356,-3.06754,-3.12589,2.80351,
1.912000000,1.49971,0.76722,-1.23024,0.202467,2.40925,1.25181,-1.43602,1.39413,0.769224,-1.2177,0.20001,2.4026,1.25913,-1.43956,0.575711,-0.111647,-0.806681,0.140608,0.37329,-0.556007,0.254844,-1.25698,-1.49277,0.331514,-0.0381396,-3.17325,-3.21774,2.89002,
1.952000000,1.52171,0.761544,-1.26223,0.208059,2.42161,1.22697,-1.42348,1.42335,0.764553,-1.25005,0.206369,2.41552,1.23606,-1.4293,0.524128,-0.172558,-0.79279,0.138989,0.243541,-0.687166,0.372752,-1.32217,-1.55279,0.363038,-0.0428126,-3.31419,-3.3402,3.00536,
1.981999999,1.53683,0.755662,-1.28585,0.212209,2.42741,1.20483,-1.41093,1.43697,0.76208,-1.26656,0.208671,2.42269,1.22433,-1.42157,0.483729,-0.219817,-0.781544,0.137653,0.142529,-0.78875,0.46421,-1.37107,-1.5978,0.386681,-0.0463176,-3.4199,-3.43205,3.09187,
1.993999999,1.54254,0.752908,-1.2952,0.213858,2.42887,1.19512,-1.40514,1.45038,0.758613,-1.28212,0.21134,2.42599,1.20908,-1.4132,0.467159,-0.239098,-0.776847,0.137088,0.101237,-0.830155,0.50152,-1.39063,-1.61581,0.396139,-0.0477192,-3.46218,-3.46879,3.12647,
2.002999999,1.54669,0.750691,-1.30217,0.21509,2.42964,1.18751,-1.4005,1.46324,0.754847,-1.29886,0.213887,2.42977,1.19412,-1.40471,0.454578,-0.253702,-0.77325,0.136654,0.069935,-0.861498,0.529775,-1.40529,-1.62931,0.403231,-0.0487704,-3.49389,-3.49635,3.15242,
2.033000000,1.55969,0.74234,-1.32519,0.219167,2.43015,1.16008,-1.38317,1.47607,0.74899,-1.31096,0.21736,2.42563,1.17485,-1.39101,0.411686,-0.303256,-0.760798,0.135138,-0.0364679,-0.967766,0.625646,-1.45419,-1.67432,0.426874,-0.0522754,-3.5996,-3.5882,3.23893,
2.061999999,1.57101,0.732835,-1.34707,0.223063,2.42756,1.13049,-1.36366,1.48774,0.744018,-1.32734,0.219187,2.42816,1.15648,-1.37947,0.368828,-0.352443,-0.748088,0.133573,-0.142338,-1.07311,0.720787,-1.50145,-1.71783,0.449729,-0.0556626,-3.70178,-3.67699,3.32256,
2.082999999,1.57842,0.725053,-1.36268,0.225856,2.42375,1.10714,-1.34778,1.49957,0.737664,-1.34303,0.222953,2.42736,1.13676,-1.3695,0.336939,-0.388847,-0.738469,0.132378,-0.220851,-1.151,0.791197,-1.53568,-1.74934,0.466279,-0.0581164,-3.77577,-3.74128,3.38311,
2.101999999,1.58454,0.717347,-1.37662,0.228361,2.41887,1.08459,-1.33214,1.51037,0.730765,-1.35787,0.224665,2.42324,1.11549,-1.35186,0.307467,-0.422356,-0.729468,0.131252,-0.293227,-1.22264,0.855996,-1.56664,-1.77785,0.481253,-0.0603356,-3.84272,-3.79945,3.4379,
2.141999999,1.59557,0.699015,-1.40541,0.233561,2.40403,1.03261,-1.29512,1.5315,0.715587,-1.38874,0.230744,2.41336,1.06677,-1.31812,0.243497,-0.494671,-0.709587,0.128746,-0.449755,-1.37707,0.99582,-1.63184,-1.83786,0.512776,-0.0650086,-3.98366,-3.92192,3.55325,
2.182999999,1.60416,0.677171,-1.43406,0.238784,2.3822,0.972823,-1.25127,1.54973,0.696265,-1.41616,0.235589,2.39737,1.01143,-1.28026,0.175223,-0.571284,-0.687901,0.125983,-0.616047,-1.54044,1.14393,-1.69866,-1.89938,0.545089,-0.0697984,-4.12812,-4.04744,3.67147,
2.221999999,1.60969,0.653432,-1.46047,0.243643,2.355,0.909637,-1.20383,1.56598,0.674318,-1.44344,0.24013,2.36954,0.953184,-1.23443,0.107735,-0.646501,-0.666043,0.123172,-0.779723,-1.70062,1.28931,-1.76222,-1.9579,0.575824,-0.074354,-4.26554,-4.16685,3.78394,
2.252000000,1.61212,0.633149,-1.48019,0.247304,2.32968,0.85673,-1.16344,1.58058,0.650796,-1.47004,0.246419,2.34269,0.884136,-1.18544,0.0541348,-0.705913,-0.648414,0.120888,-0.909274,-1.827,1.40412,-1.81111,-2.00291,0.599467,-0.0778586,-4.37125,-4.2587,3.87044,
2.261999999,1.61257,0.62599,-1.48664,0.248509,2.32036,0.838247,-1.1492,1.58058,0.650796,-1.47004,0.246419,2.34269,0.884136,-1.18544,0.0359425,-0.726017,-0.64238,0.120104,-0.953164,-1.86974,1.44297,-1.82741,-2.01791,0.607348,-0.0790266,-4.40648,-4.28932,3.89928,
2.273000000,1.61285,0.617881,-1.49367,0.249825,2.30961,0.817419,-1.13309,1.58596,0.636943,-1.48349,0.24728,2.32287,0.85061,-1.15731,0.015742,-0.748305,-0.635652,0.119228,-1.00185,-1.91711,1.48604,-1.84534,-2.03442,0.616017,-0.080312,-4.44524,-4.32299,3.931,
2.301999999,1.61253,0.595318,-1.51184,0.253249,2.27867,0.759993,-1.08833,1.59114,0.622756,-1.49643,0.249151,2.30392,0.810785,-1.12437,-0.0384578,-0.807934,-0.617456,0.11685,-1.13224,-2.04376,1.60125,-1.8926,-2.07793,0.638872,-0.0836996,-4.54742,-4.41178,4.01462,
2.332000000,1.61052,0.570138,-1.53007,0.256716,2.24264,0.696681,-1.03848,1.59873,0.591,-1.52086,0.255031,2.26191,0.732076,-1.06767,-0.0959696,-0.870947,-0.597935,0.114286,-1.27025,-2.17749,1.72299,-1.9415,-2.12294,0.662514,-0.0872047,-4.65313,-4.50363,4.10113,
2.341999999,1.60946,0.561323,-1.53602,0.257854,2.22971,0.674681,-1.02104,1.59873,0.591,-1.52086,0.255031,2.26191,0.732076,-1.06767,-0.115466,-0.892251,-0.59127,0.113408,-1.31696,-2.22268,1.76414,-1.9578,-2.13794,0.670395,-0.0883726,-4.68836,-4.53425,4.12997,
2.372000000,1.60511,0.533587,-1.55345,0.261217,2.18807,0.605945,-0.966247,1.60227,0.557189,-1.54503,0.259642,2.20952,0.642417,-0.996346,-0.174933,-0.957065,-0.570804,0.110704,-1.45919,-2.36009,1.88934,-2.00669,-2.18296,0.694038,-0.0918765,-4.79407,-4.6261,4.21648,
2.382999999,1.60306,0.522927,-1.55969,0.262429,2.17173,0.579704,-0.945208,1.60227,0.557189,-1.54503,0.259642,2.20952,0.642417,-0.996346,-0.197106,-0.981168,-0.563122,0.109687,-1.51214,-2.41116,1.93589,-2.02462,-2.19946,0.702708,-0.0931625,-4.83283,-4.65978,4.2482,
2.412000000,1.59649,0.493542,-1.57572,0.26557,2.12583,0.507808,-0.887269,1.60353,0.520046,-1.56746,0.265455,2.15299,0.545772,-0.922819,-0.256504,-1.04558,-0.542411,0.106936,-1.65377,-2.54758,2.0603,-2.07188,-2.24297,0.725562,-0.0965496,-4.93501,-4.74856,4.33182,
2.421999999,1.59382,0.482973,-1.58111,0.266634,2.10905,0.482095,-0.866449,1.60353,0.520046,-1.56746,0.265455,2.15299,0.545772,-0.922819,-0.277305,-1.06809,-0.535117,0.105965,-1.7033,-2.59522,2.10377,-2.08818,-2.25798,0.733443,-0.0977175,-4.97025,-4.77918,4.36066,
2.452000000,1.58455,0.449908,-1.59683,0.269769,2.0557,0.402074,-0.801361,1.60143,0.47862,-1.58909,0.268176,2.08131,0.444753,-0.833221,-0.340684,-1.1365,-0.512759,0.102981,-1.85399,-2.73997,2.23588,-2.13707,-2.30299,0.757086,-0.101223,-5.07595,-4.87103,4.44717,
2.461999999,1.58104,0.438427,-1.60192,0.270793,2.0369,0.37443,-0.778779,1.59921,0.456297,-1.59977,0.269265,2.04463,0.387707,-0.791191,-0.362135,-1.15961,-0.505149,0.101963,-1.90493,-2.78884,2.2805,-2.15337,-2.31799,0.764967,-0.102391,-5.11119,-4.90165,4.476,
2.472999999,1.57692,0.425531,-1.60743,0.271909,2.01564,0.343456,-0.753423,1.59921,0.456297,-1.59977,0.269265,2.04463,0.387707,-0.791191,-0.385921,-1.1852,-0.496686,0.100828,-1.96137,-2.84294,2.32991,-2.1713,-2.3345,0.773636,-0.103675,-5.14995,-4.93532,4.50772,
2.511999999,1.5602,0.377518,-1.6262,0.275761,1.93519,0.228797,-0.659099,1.5938,0.409557,-1.6193,0.274375,1.96984,0.275331,-0.704365,-0.471841,-1.27738,-0.465915,0.0966966,-2.16489,-3.03775,2.5079,-2.23486,-2.39301,0.804372,-0.108232,-5.28736,-5.05473,4.62018,
2.532000000,1.55032,0.35149,-1.63536,0.277673,1.89083,0.167027,-0.608014,1.58992,0.385098,-1.62918,0.276226,1.92964,0.217205,-0.653731,-0.516864,-1.32554,-0.44967,0.0945088,-2.27135,-3.13945,2.60088,-2.26746,-2.42302,0.820133,-0.110569,-5.35784,-5.11597,4.67786,
2.542000000,1.54504,0.338113,-1.63981,0.278613,1.86785,0.135377,-0.58177,1.58992,0.385098,-1.62918,0.276226,1.92964,0.217205,-0.653731,-0.539621,-1.34985,-0.44143,0.0933967,-2.3251,-3.19077,2.64781,-2.28377,-2.43805,0.828012,-0.111736,-5.39311,-5.14663,4.70673,
2.551999999,1.53953,0.324492,-1.64419,0.279541,1.84433,0.10321,-0.555056,1.58522,0.359228,-1.63744,0.277586,1.88059,0.15457,-0.599704,-0.56254,-1.3743,-0.43311,0.0922745,-2.37921,-3.24239,2.69502,-2.30023,-2.45334,0.835858,-0.112894,-5.42888,-5.1779,4.73613,
2.563000000,1.5332,0.309227,-1.6489,0.280549,1.81783,0.0672306,-0.525124,1.57988,0.332625,-1.64735,0.280349,1.84081,0.0881639,-0.553229,-0.587951,-1.4014,-0.423869,0.0910254,-2.43917,-3.29957,2.74732,-2.32107,-2.47498,0.843915,-0.114008,-5.47728,-5.22333,4.77789,
2.591999999,1.5153,0.26778,-1.66081,0.283133,1.74523,-0.0301157,-0.4439,1.57333,0.304038,-1.65386,0.281077,1.78063,0.0228577,-0.485804,-0.616428,-1.40424,-0.390853,0.0853647,-2.46899,-3.29341,2.75131,3.76845,8.27483,2.13436,-0.473906,14.6732,19.3432,-16.205,
2.631999999,1.49296,0.216886,-1.67497,0.286225,1.65574,-0.149478,-0.344184,1.55871,0.246327,-1.66961,0.285491,1.69452,-0.104436,-0.389027,-0.50409,-1.14806,-0.319405,0.0697672,-2.01868,-2.69254,2.24939,2.57797,5.87131,1.63346,-0.356795,10.3237,13.7699,-11.5036,
2.655999999,1.48156,0.190934,-1.68219,0.287803,1.61011,-0.210342,-0.293337,1.55009,0.220306,-1.67791,0.286475,1.64845,-0.16612,-0.334899,-0.446605,-1.01714,-0.282981,0.0618115,-1.78848,-2.38549,1.99287,2.28037,5.19354,1.4449,-0.315608,9.13198,12.1803,-10.1756,
2.662999999,1.47849,0.183938,-1.68413,0.288227,1.59781,-0.22675,-0.279629,1.55009,0.220306,-1.67791,0.286475,1.64845,-0.16612,-0.334899,-0.431124,-0.981884,-0.273172,0.0596681,-1.72648,-2.3028,1.92379,2.20031,5.0112,1.39418,-0.304528,8.81138,11.7527,-9.81839,
2.686999999,1.46874,0.16174,-1.69031,0.289576,1.55877,-0.27881,-0.236137,1.53277,0.172975,-1.68473,0.28826,1.59301,-0.248828,-0.286385,-0.382052,-0.870123,-0.242079,0.0528772,-1.52997,-2.04069,1.70482,1.9468,4.43383,1.23355,-0.269441,7.79617,10.3986,-8.68715,
2.689999999,1.46761,0.159149,-1.69103,0.289734,1.55422,-0.284887,-0.231061,1.53277,0.172975,-1.68473,0.28826,1.59301,-0.248828,-0.286385,-0.37633,-0.857091,-0.238453,0.052085,-1.50705,-2.01012,1.67929,1.91726,4.36656,1.21483,-0.265353,7.67788,10.2408,-8.55535,
2.692000000,1.46686,0.157443,-1.6915,0.289838,1.55122,-0.288887,-0.227719,1.53277,0.172975,-1.68473,0.28826,1.59301,-0.248828,-0.286385,-0.372563,-0.848512,-0.236066,0.0515633,-1.49197,-1.99,1.66248,1.89783,4.32229,1.20251,-0.262663,7.60004,10.137,-8.46861,
2.748999999,1.44839,0.115384,-1.70321,0.292393,1.47726,-0.387528,-0.145313,1.50888,0.135735,-1.69387,0.290584,1.55403,-0.317394,-0.230639,-0.279852,-0.637362,-0.177321,0.0387325,-1.1207,-1.4948,1.24878,1.42025,3.23463,0.899911,-0.196566,5.68756,7.58612,-6.33756,
2.813000000,1.43306,0.0804781,-1.71292,0.294515,1.41589,-0.469393,-0.0769225,1.50888,0.135735,-1.69387,0.290584,1.55403,-0.317394,-0.230639,-0.203206,-0.462802,-0.128757,0.028124,-0.813761,-1.0854,0.906761,1.027,2.33899,0.650733,-0.142139,4.11272,5.48559,-4.58275,
2.813000000,1.43306,0.0804781,-1.71292,0.294515,1.41589,-0.469393,-0.0769225,1.49056,0.144909,-1.69415,0.290703,1.55048,-0.313454,-0.229198,-0.203206,-0.462802,-0.128757,0.028124,-0.813761,-1.0854,0.906761,1.027,2.33899,0.650733,-0.142139,4.11272,5.48559,-4.58275,
2.823000000,1.43108,0.0759632,-1.71417,0.294789,1.40795,-0.479981,-0.0680766,1.49056,0.144909,-1.69415,0.290703,1.55048,-0.313454,-0.229198,-0.193318,-0.44028,-0.122491,0.0267555,-0.77416,-1.03258,0.862635,0.97639,2.22372,0.618667,-0.135134,3.91005,5.21527,-4.35691,
3.056999999,1.40433,0.0150333,-1.73112,0.298492,1.30082,-0.622879,0.0513024,1.43858,0.0169325,-1.71673,0.295325,1.40825,-0.494002,-0.068882,-0.0606954,-0.138233,-0.0384579,0.00839994,-0.243061,-0.324196,0.270839,0.302064,0.687949,0.191396,-0.0418061,1.20964,1.61344,-1.34789,
3.067000000,1.40373,0.0136847,-1.7315,0.298574,1.29844,-0.626042,0.0539452,1.43781,0.00675075,-1.72923,0.300371,1.38557,-0.483448,-0.0342379,-0.0577854,-0.131605,-0.0366146,0.0079982,-0.231406,-0.308651,0.257852,0.287404,0.654562,0.182108,-0.0397772,1.15094,1.53514,-1.28248,
3.077000000,1.40317,0.0124001,-1.73186,0.298652,1.29619,-0.629054,0.0564616,1.43781,0.00675075,-1.72923,0.300371,1.38557,-0.483448,-0.0342379,-0.0550162,-0.125299,-0.0348599,0.00761397,-0.220317,-0.293861,0.245496,0.273465,0.622816,0.173275,-0.037848,1.09512,1.46068,-1.22028,
3.087999999,1.40258,0.0110583,-1.73223,0.298734,1.29383,-0.632201,0.0590911,1.43095,0.00351289,-1.73125,0.299416,1.29898,-0.545044,0.056459,-0.0521251,-0.118714,-0.0330273,0.00721425,-0.208739,-0.278419,0.232595,0.258921,0.589692,0.164059,-0.0358351,1.03688,1.383,-1.15538,
3.096999999,1.40212,0.0100129,-1.73252,0.298797,1.29199,-0.634653,0.0611386,1.43095,0.00351289,-1.73125,0.299416,1.29898,-0.545044,0.056459,-0.0498737,-0.113588,-0.0316015,0.00690294,-0.199725,-0.266396,0.222551,0.247606,0.563922,0.15689,-0.0342693,0.991563,1.32256,-1.10488,
3.117000000,1.40117,0.00784893,-1.73312,0.298928,1.28818,-0.639728,0.0653787,1.42626,0.0077695,-1.73268,0.297991,1.28995,-0.62992,0.0534655,-0.0452177,-0.102983,-0.0286508,0.00625827,-0.18108,-0.241525,0.201774,0.22422,0.510659,0.142071,-0.0310326,0.89791,1.19764,-1.00053,
3.127000000,1.40073,0.00684397,-1.7334,0.29899,1.28642,-0.642085,0.067348,1.42244,0.00915754,-1.73274,0.296719,1.28937,-0.673741,0.0659791,-0.0430576,-0.0980633,-0.0272827,0.00595921,-0.172427,-0.229985,0.192133,0.213378,0.485968,0.135202,-0.0295318,0.854494,1.13973,-0.952151,
3.140000000,1.40019,0.005609,-1.73375,0.299065,1.28424,-0.644982,0.069768,1.42244,0.00915754,-1.73274,0.296719,1.28937,-0.673741,0.0659791,-0.040404,-0.09202,-0.025601,0.005592,-0.161802,-0.215813,0.180293,0.200073,0.455667,0.126772,-0.027691,0.801215,1.06867,-0.892782,
3.146999999,1.39991,0.00497545,-1.73392,0.299103,1.28313,-0.646467,0.0710092,1.42168,0.00512095,-1.73365,0.298343,1.2863,-0.639025,0.0696434,-0.0390444,-0.0889234,-0.0247396,0.00540374,-0.156358,-0.208551,0.174226,0.193261,0.44015,0.122455,-0.026748,0.773932,1.03228,-0.862381,
3.157000000,1.39953,0.00410753,-1.73416,0.299156,1.2816,-0.648503,0.0727092,1.42168,0.00512095,-1.73365,0.298343,1.2863,-0.639025,0.0696434,-0.0371819,-0.0846816,-0.0235597,0.00514626,-0.148899,-0.198603,0.165916,0.183933,0.418907,0.116545,-0.0254568,0.73658,0.982457,-0.82076,
3.167000000,1.39917,0.0032811,-1.73439,0.299206,1.28015,-0.650441,0.0743286,1.41896,0.00418606,-1.73333,0.300419,1.27874,-0.630417,0.0695152,-0.0354097,-0.0806445,-0.0224366,0.00490066,-0.141801,-0.189135,0.158006,0.175061,0.398702,0.110923,-0.024229,0.701052,0.935069,-0.781171,
3.197000000,1.39818,0.00103004,-1.73502,0.299342,1.27619,-0.655719,0.0787385,1.4143,0.00540775,-1.73357,0.298395,1.28417,-0.664769,0.0743427,-0.0305882,-0.0696643,-0.0193812,0.00423355,-0.122494,-0.163383,0.136492,0.150959,0.34381,0.0956517,-0.0208929,0.604533,0.806332,-0.673622,
3.199999999,1.39809,0.000823,-1.73508,0.299355,1.27583,-0.656206,0.079145,1.4143,0.00540775,-1.73357,0.298395,1.28417,-0.664769,0.0743427,-0.030144,-0.068653,-0.0191,0.004172,-0.120715,-0.161012,0.134511,0.148742,0.33876,0.094247,-0.020586,0.595653,0.794488,-0.663728,
3.211000000,1.39776,8.77536e-05,-1.73528,0.2994,1.27454,-0.657931,0.0805859,1.41235,0.00195968,-1.73437,0.299411,1.27418,-0.646328,0.0800926,-0.0285714,-0.0650702,-0.0181036,0.0039546,-0.114416,-0.152609,0.127492,0.14089,0.320877,0.0892718,-0.0194996,0.564209,0.752548,-0.62869,
3.226999999,1.39732,-0.000913923,-1.73556,0.299461,1.27277,-0.660279,0.0825479,1.40951,0.00056498,-1.7349,0.300511,1.27144,-0.656195,0.0795149,-0.0264304,-0.0601942,-0.016747,0.00365818,-0.105842,-0.141173,0.117938,0.130211,0.296556,0.0825056,-0.0180214,0.521445,0.695509,-0.581038,
3.237000000,1.39707,-0.00150116,-1.73572,0.299497,1.27174,-0.661658,0.0836997,1.40951,0.00056498,-1.7349,0.300511,1.27144,-0.656195,0.0795149,-0.0251747,-0.0573365,-0.0159522,0.00348417,-0.100816,-0.13447,0.112338,0.123957,0.282312,0.0785424,-0.0171564,0.496399,0.662101,-0.55313,
3.268000000,1.39634,-0.00315204,-1.73618,0.299597,1.26884,-0.665528,0.0869325,1.40492,-0.00384986,-1.73702,0.300427,1.27047,-0.658615,0.0834926,-0.0216542,-0.0493184,-0.0137206,0.00299691,-0.0867178,-0.115665,0.0966286,0.106435,0.242405,0.0674401,-0.0147307,0.426228,0.568507,-0.47494,
3.269000000,1.39632,-0.00320115,-1.7362,0.2996,1.26875,-0.665643,0.087029,1.40492,-0.00384986,-1.73702,0.300427,1.27047,-0.658615,0.0834926,-0.0215493,-0.0490796,-0.0136541,0.0029824,-0.0862979,-0.115105,0.0961607,0.105913,0.241217,0.0671098,-0.0146587,0.42414,0.565722,-0.472613,
3.310000000,1.39552,-0.005026,-1.7367,0.299711,1.26554,-0.669923,0.090604,1.40093,-0.00327923,-1.73618,0.299654,1.27032,-0.66927,0.0888553,-0.017664,-0.04023,-0.011193,0.002445,-0.070738,-0.094352,0.078823,0.086617,0.197271,0.054883,-0.011988,0.346868,0.462656,-0.38651,
3.336999999,1.39507,-0.00604386,-1.73699,0.299772,1.26375,-0.672311,0.0925989,1.39962,-0.00384359,-1.73689,0.299826,1.26479,-0.663633,0.0900305,-0.0155003,-0.0353017,-0.00982147,0.00214505,-0.0620728,-0.0827934,0.0691665,0.0758927,0.172846,0.0480872,-0.0105038,0.303921,0.405373,-0.338654,
3.476999999,1.39349,-0.00963733,-1.73799,0.299991,1.25744,-0.680739,0.0996395,1.39526,-0.00545891,-1.7367,0.299611,1.26391,-0.67284,0.092467,-0.00789479,-0.0179813,-0.00500261,0.00109248,-0.031617,-0.0421711,0.0352298,0.0383696,0.0873867,0.024312,-0.00531044,0.153656,0.204948,-0.171216,
3.476999999,1.39349,-0.00963733,-1.73799,0.299991,1.25744,-0.680739,0.0996395,1.39526,-0.00545891,-1.7367,0.299611,1.26391,-0.67284,0.092467,-0.00789479,-0.0179813,-0.00500261,0.00109248,-0.031617,-0.0421711,0.0352298,0.0383696,0.0873867,0.024312,-0.00531044,0.153656,0.204948,-0.171216,
3.497000000,1.39334,-0.00998001,-1.73808,0.300012,1.25683,-0.681543,0.100312,1.39522,-0.00654508,-1.73558,0.300445,1.25747,-0.673671,0.0989371,-0.00717263,-0.0163355,-0.00454511,0.000992735,-0.0287233,-0.0383115,0.0320064,0.0348226,0.0793092,0.0220649,-0.00481992,0.139452,0.186003,-0.155389,
3.506999999,1.39327,-0.0101393,-1.73813,0.300022,1.25655,-0.681916,0.100624,1.39418,-0.0084671,-1.73747,0.299235,1.2562,-0.684405,0.098835,-0.00683694,-0.0155707,-0.00433211,0.00094599,-0.0273784,-0.0365184,0.0305079,0.0331759,0.0755577,0.0210214,-0.00459123,0.132856,0.177205,-0.148039,
3.516999999,1.39321,-0.0102918,-1.73817,0.300031,1.25629,-0.682273,0.100921,1.39418,-0.0084671,-1.73747,0.299235,1.2562,-0.684405,0.098835,-0.00651721,-0.014842,-0.00412912,0.000902114,-0.0260976,-0.0348087,0.0290799,0.0316076,0.0719857,0.020027,-0.00437433,0.126575,0.168827,-0.141041,
3.546999999,1.39302,-0.0107069,-1.73828,0.300056,1.25556,-0.683246,0.101734,1.39421,-0.012494,-1.73864,0.300377,1.25707,-0.682151,0.101677,-0.0056442,-0.0128554,-0.00357647,0.000781266,-0.0226037,-0.0301491,0.025187,0.0273355,0.0622566,0.0173203,-0.003783,0.109467,0.146008,-0.121978,
3.710000000,1.39285,-0.011099,-1.73839,0.30008,1.25487,-0.684167,0.102503,1.3931,-0.010635,-1.73834,0.300037,1.25486,-0.682643,0.101275,0,0,0,0,0,0,0,0,0,0,0,0,0,0,
3.710000000,1.39285,-0.011099,-1.73839,0.30008,1.25487,-0.684167,0.102503,1.3931,-0.010635,-1.73834,0.300037,1.25486,-0.682643,0.101275,0,0,0,0,0,0,0,0,0,0,0,0,0,0,
3.720000000,1.39285,-0.011099,-1.73839,0.30008,1.25487,-0.684167,0.102503,1.3931,-0.010635,-1.73834,0.300037,1.25486,-0.682643,0.101275,0,0,0,0,0,0,0,0,0,0,0,0,0,0,
3.729999999,1.39285,-0.011099,-1.73839,0.30008,1.25487,-0.684167,0.102503,1.39303,-0.0106211,-1.73775,0.299951,1.25478,-0.6832,0.102759,0,0,0,0,0,0,0,0,0,0,0,0,0,0,
3.760999999,1.39285,-0.011099,-1.73839,0.30008,1.25487,-0.684167,0.102503,1.39296,-0.0108582,-1.73825,0.30008,1.25519,-0.684551,0.102312,0,0,0,0,0,0,0,0,0,0,0,0,0,0,
3.780999999,1.39285,-0.011099,-1.73839,0.30008,1.25487,-0.684167,0.102503,1.39287,-0.0112689,-1.73864,0.300042,1.25443,-0.684199,0.101997,0,0,0,0,0,0,0,0,0,0,0,0,0,0,
3.789999999,1.39285,-0.011099,-1.73839,0.30008,1.25487,-0.684167,0.102503,1.3929,-0.0113267,-1.73838,0.30011,1.25519,-0.68418,0.10262,0,0,0,0,0,0,0,0,0,0,0,0,0,0,
3.802999999,1.39285,-0.011099,-1.73839,0.30008,1.25487,-0.684167,0.102503,1.3929,-0.0113267,-1.73838,0.30011,1.25519,-0.68418,0.10262,0,0,0,0,0,0,0,0,0,0,0,0,0,0,
3.831000000,1.39285,-0.011099,-1.73839,0.30008,1.25487,-0.684167,0.102503,1.39283,-0.010951,-1.73841,0.300052,1.25434,-0.68372,0.102181,0,0,0,0,0,0,0,0,0,0,0,0,0,0,
3.832000000,1.39285,-0.011099,-1.73839,0.30008,1.25487,-0.684167,0.102503,1.39283,-0.010951,-1.73841,0.300052,1.25434,-0.68372,0.102181,0,0,0,0,0,0,0,0,0,0,0,0,0,0,
3.859999999,1.39285,-0.011099,-1.73839,0.30008,1.25487,-0.684167,0.102503,1.39283,-0.0109026,-1.73828,0.300043,1.25494,-0.684036,0.102649,0,0,0,0,0,0,0,0,0,0,0,0,0,0,
3.880000000,1.39285,-0.011099,-1.73839,0.30008,1.25487,-0.684167,0.102503,1.39284,-0.0109934,-1.73832,0.300087,1.25505,-0.684036,0.102665,0,0,0,0,0,0,0,0,0,0,0,0,0,0,
3.988000000,1.39285,-0.011099,-1.73839,0.30008,1.25487,-0.684167,0.102503,1.39285,-0.0110344,-1.73834,0.300083,1.25497,-0.683966,0.10261,0,0,0,0,0,0,0,0,0,0,0,0,0,0,
3.988999999,1.39285,-0.011099,-1.73839,0.30008,1.25487,-0.684167,0.102503,1.39285,-0.0110344,-1.73834,0.300083,1.25497,-0.683966,0.10261,0,0,0,0,0,0,0,0,0,0,0,0,0,0,
4.337999999,1.39285,-0.011099,-1.73839,0.30008,1.25487,-0.684167,0.102503,1.39285,-0.0110404,-1.73838,0.300066,1.2548,-0.684046,0.10249,0,0,0,0,0,0,0,0,0,0,0,0,0,0,
4.337999999,1.39285,-0.011099,-1.73839,0.30008,1.25487,-0.684167,0.102503,1.39285,-0.0110404,-1.73838,0.300066,1.2548,-0.684046,0.10249,0,0,0,0,0,0,0,0,0,0,0,0,0,0,
4.347999999,1.39285,-0.011099,-1.73839,0.30008,1.25487,-0.684167,0.102503,1.39285,-0.0110426,-1.73837,0.30007,1.25484,-0.684031,0.10252,0,0,0,0,0,0,0,0,0,0,0,0,0,0,
4.376000000,1.39285,-0.011099,-1.73839,0.30008,1.25487,-0.684167,0.102503,1.39285,-0.0110422,-1.73837,0.300071,1.25481,-0.684027,0.102499,0,0,0,0,0,0,0,0,0,0,0,0,0,0,
4.377000000,1.39285,-0.011099,-1.73839,0.30008,1.25487,-0.684167,0.102503,1.39285,-0.0110422,-1.73837,0.300071,1.25481,-0.684027,0.102499,0,0,0,0,0,0,0,0,0,0,0,0,0,0,
4.394000000,1.39285,-0.011099,-1.73839,0.30008,1.25487,-0.684167,0.102503,1.39285,-0.0110414,-1.73838,0.300067,1.2548,-0.684042,0.102492,0,0,0,0,0,0,0,0,0,0,0,0,0,0,
4.403999999,1.39285,-0.011099,-1.73839,0.30008,1.25487,-0.684167,0.102503,1.39285,-0.0110414,-1.73838,0.300067,1.2548,-0.684042,0.102492,0,0,0,0,0,0,0,0,0,0,0,0,0,0,
4.408000000,1.39285,-0.011099,-1.73839,0.30008,1.25487,-0.684167,0.102503,1.39285,-0.0110427,-1.73837,0.300069,1.25483,-0.684034,0.102515,0,0,0,0,0,0,0,0,0,0,0,0,0,0,
4.417999999,1.39285,-0.011099,-1.73839,0.30008,1.25487,-0.684167,0.102503,1.39285,-0.0110427,-1.73837,0.300069,1.25483,-0.684034,0.102515,0,0,0,0,0,0,0,0,0,0,0,0,0,0,
4.427999999,1.39285,-0.011099,-1.73839,0.30008,1.25487,-0.684167,0.102503,1.39285,-0.0110423,-1.73837,0.300071,1.25482,-0.684028,0.102502,0,0,0,0,0,0,0,0,0,0,0,0,0,0,
4.439000000,1.39285,-0.011099,-1.73839,0.30008,1.25487,-0.684167,0.102503,1.39285,-0.0110423,-1.73837,0.300071,1.25482,-0.684028,0.102502,0,0,0,0,0,0,0,0,0,0,0,0,0,0,
4.448999999,1.39285,-0.011099,-1.73839,0.30008,1.25487,-0.684167,0.102503,1.39285,-0.0110413,-1.73838,0.300068,1.2548,-0.684039,0.102494,0,0,0,0,0,0,0,0,0,0,0,0,0,0,
4.457999999,1.39285,-0.011099,-1.73839,0.30008,1.25487,-0.684167,0.102503,1.39285,-0.0110413,-1.73838,0.300068,1.2548,-0.684039,0.102494,0,0,0,0,0,0,0,0,0,0,0,0,0,0,
4.467999999,1.39285,-0.011099,-1.73839,0.30008,1.25487,-0.684167,0.102503,1.39285,-0.0110422,-1.73837,0.300069,1.25483,-0.684035,0.102511,0,0,0,0,0,0,0,0,0,0,0,0,0,0,
4.484000000,1.39285,-0.011099,-1.73839,0.30008,1.25487,-0.684167,0.102503,1.39285,-0.0110423,-1.73837,0.30007,1.25482,-0.684029,0.102504,0,0,0,0,0,0,0,0,0,0,0,0,0,0,
4.488000000,1.39285,-0.011099,-1.73839,0.30008,1.25487,-0.684167,0.102503,1.39285,-0.0110423,-1.73837,0.30007,1.25482,-0.684029,0.102504,0,0,0,0,0,0,0,0,0,0,0,0,0,0,
4.600000000,1.39285,-0.011099,-1.73839,0.30008,1.25487,-0.684167,0.102503,1.39285,-0.0110423,-1.73837,0.30007,1.25482,-0.684029,0.102504,0,0,0,0,0,0,0,0,0,0,0,0,0,0,
